Age,Gender,AI_Exp,Source,Risk,Subj,Trust,Conflict,WOA,Risk_Label,Subj_Label
Từ 18 đến 24,Nam,2,0.0,0.0,0,0.11894215329095925,1.0,0.0,Thấp,Khách quan
Từ 18 đến 24,Nam,2,0.0,0.0,0,0.11918079950447887,1.0,0.0,Thấp,Khách quan
Từ 18 đến 24,Nam,2,0.0,0.0,0,0.11986015967234101,1.0,0.0,Thấp,Khách quan
Từ 18 đến 24,Nam,2,1.0,0.0,0,0.7730954305636182,1.0,1.0,Thấp,Khách quan
Từ 18 đến 24,Nam,2,1.0,0.0,1,0.770410825403848,1.0,1.0,Thấp,Chủ quan
Từ 18 đến 24,Nam,2,1.0,0.0,1,0.7708837781712391,1.0,1.0,Thấp,Chủ quan
Từ 18 đến 24,Nam,2,0.0,0.0,1,0.11944833648249614,1.0,0.0,Thấp,Chủ quan
Từ 18 đến 24,Nam,2,0.0,0.5,0,0.1,1.0,0.0,Vừa,Khách quan
Từ 18 đến 24,Nam,2,1.0,0.5,0,0.7182190996408978,1.0,1.0,Vừa,Khách quan
Từ 18 đến 24,Nam,2,0.0,0.5,0,0.1,1.0,0.0,Vừa,Khách quan
Từ 18 đến 24,Nam,2,1.0,0.5,0,0.7188380665052896,1.0,1.0,Vừa,Khách quan
Từ 18 đến 24,Nam,2,0.0,0.5,1,0.1,1.0,0.0,Vừa,Chủ quan
Từ 18 đến 24,Nam,2,1.0,0.5,1,0.719509415308402,1.0,1.0,Vừa,Chủ quan
Từ 18 đến 24,Nam,2,0.0,0.5,1,0.1,1.0,0.0,Vừa,Chủ quan
Từ 18 đến 24,Nam,2,1.0,1.0,0,0.6696728040041343,1.0,1.0,Cao,Khách quan
Từ 18 đến 24,Nam,2,0.0,1.0,0,0.1,1.0,0.0,Cao,Khách quan
Từ 18 đến 24,Nam,2,1.0,1.0,0,0.6694107006912412,1.0,1.0,Cao,Khách quan
Từ 18 đến 24,Nam,2,0.0,1.0,1,0.1,1.0,0.0,Cao,Chủ quan
Từ 18 đến 24,Nam,2,1.0,1.0,1,0.6695195358467202,1.0,1.0,Cao,Chủ quan
Từ 18 đến 24,Nam,3,0.0,0.0,0,0.1292148784104324,1.0,0.0,Thấp,Khách quan
Từ 18 đến 24,Nam,3,1.0,0.0,0,0.7803543957589091,1.0,1.0,Thấp,Khách quan
Từ 18 đến 24,Nam,3,1.0,0.0,0,0.780876491369111,1.0,1.0,Thấp,Khách quan
Từ 18 đến 24,Nam,3,0.0,0.0,0,0.13026016186204212,1.0,0.0,Thấp,Khách quan
Từ 18 đến 24,Nam,3,0.0,0.0,1,0.12949872962388798,1.0,0.0,Thấp,Chủ quan
Từ 18 đến 24,Nam,3,1.0,0.0,1,0.7800815076413057,1.0,1.0,Thấp,Chủ quan
Từ 18 đến 24,Nam,3,1.0,0.0,1,0.7785942352701484,1.0,1.0,Thấp,Chủ quan
Từ 18 đến 24,Nam,3,1.0,0.5,0,0.7317689317479772,1.0,1.0,Vừa,Khách quan
Từ 18 đến 24,Nam,3,1.0,0.5,0,0.7302081249964435,1.0,1.0,Vừa,Khách quan
Từ 18 đến 24,Nam,3,0.0,0.5,0,0.1,1.0,0.0,Vừa,Khách quan
Từ 18 đến 24,Nam,3,1.0,0.5,0,0.7305620028828795,1.0,1.0,Vừa,Khách quan
Từ 18 đến 24,Nam,3,1.0,0.5,1,0.730798014714552,1.0,1.0,Vừa,Chủ quan
Từ 18 đến 24,Nam,3,0.0,0.5,1,0.1,1.0,0.0,Vừa,Chủ quan
Từ 18 đến 24,Nam,3,0.0,0.5,1,0.1,1.0,0.0,Vừa,Chủ quan
Từ 18 đến 24,Nam,3,0.0,1.0,0,0.1,1.0,0.0,Cao,Khách quan
Từ 18 đến 24,Nam,3,0.0,1.0,0,0.1,1.0,0.0,Cao,Khách quan
Từ 18 đến 24,Nam,3,1.0,1.0,0,0.6802249014883074,1.0,1.0,Cao,Khách quan
Từ 18 đến 24,Nam,3,1.0,1.0,1,0.6798905761005957,1.0,1.0,Cao,Chủ quan
Từ 18 đến 24,Nam,3,1.0,1.0,1,0.6790888399181959,1.0,1.0,Cao,Chủ quan
Từ 18 đến 24,Nam,3,0.0,0.0,0,0.1308005052872986,1.0,0.0,Thấp,Khách quan
Từ 18 đến 24,Nam,3,0.0,0.0,0,0.12987415377416603,1.0,0.0,Thấp,Khách quan
Từ 18 đến 24,Nam,3,0.0,0.0,0,0.1296309110156608,1.0,0.0,Thấp,Khách quan
Từ 18 đến 24,Nam,3,1.0,0.0,0,0.7788181000579837,1.0,1.0,Thấp,Khách quan
Từ 18 đến 24,Nam,3,0.0,0.0,1,0.13113992604202238,1.0,0.0,Thấp,Chủ quan
Từ 18 đến 24,Nam,3,0.0,0.0,1,0.130065651918749,1.0,0.0,Thấp,Chủ quan
Từ 18 đến 24,Nam,3,0.0,0.0,1,0.1311450627512123,1.0,0.0,Thấp,Chủ quan
Từ 18 đến 24,Nam,3,0.0,0.5,0,0.1,1.0,0.0,Vừa,Khách quan
Từ 18 đến 24,Nam,3,0.0,0.5,0,0.1,1.0,0.0,Vừa,Khách quan
Từ 18 đến 24,Nam,3,1.0,0.5,0,0.7273860975995087,1.0,1.0,Vừa,Khách quan
Từ 18 đến 24,Nam,3,1.0,0.5,0,0.7313512948957545,1.0,1.0,Vừa,Khách quan
Từ 18 đến 24,Nam,3,1.0,0.5,1,0.728548982882802,1.0,1.0,Vừa,Chủ quan
Từ 18 đến 24,Nam,3,0.0,0.5,1,0.1,1.0,0.0,Vừa,Chủ quan
Từ 18 đến 24,Nam,3,1.0,0.5,1,0.7309544921977974,1.0,1.0,Vừa,Chủ quan
Từ 18 đến 24,Nam,3,1.0,1.0,0,0.6783787873918422,1.0,1.0,Cao,Khách quan
Từ 18 đến 24,Nam,3,0.0,1.0,0,0.1,1.0,0.0,Cao,Khách quan
Từ 18 đến 24,Nam,3,1.0,1.0,0,0.6817748443290667,1.0,1.0,Cao,Khách quan
Từ 18 đến 24,Nam,3,0.0,1.0,1,0.1,1.0,0.0,Cao,Chủ quan
Từ 18 đến 24,Nam,3,1.0,1.0,1,0.6797329819794465,1.0,1.0,Cao,Chủ quan
Từ 18 đến 24,Không muốn tiết lộ,3,1.0,0.0,0,0.7794203501255997,1.0,1.0,Thấp,Khách quan
Từ 18 đến 24,Không muốn tiết lộ,3,1.0,0.0,0,0.7797057908181678,1.0,1.0,Thấp,Khách quan
Từ 18 đến 24,Không muốn tiết lộ,3,1.0,0.0,0,0.7783209291316602,1.0,1.0,Thấp,Khách quan
Từ 18 đến 24,Không muốn tiết lộ,3,1.0,0.0,0,0.7793463607009652,1.0,1.0,Thấp,Khách quan
Từ 18 đến 24,Không muốn tiết lộ,3,1.0,0.0,1,0.7790882693689899,1.0,1.0,Thấp,Chủ quan
Từ 18 đến 24,Không muốn tiết lộ,3,1.0,0.0,1,0.7803865108983808,1.0,1.0,Thấp,Chủ quan
Từ 18 đến 24,Không muốn tiết lộ,3,1.0,0.0,1,0.7808589124818769,1.0,1.0,Thấp,Chủ quan
Từ 18 đến 24,Không muốn tiết lộ,3,1.0,0.5,0,0.7323552584184357,1.0,1.0,Vừa,Khách quan
Từ 18 đến 24,Không muốn tiết lộ,3,1.0,0.5,0,0.7316420280539595,1.0,1.0,Vừa,Khách quan
Từ 18 đến 24,Không muốn tiết lộ,3,1.0,0.5,0,0.7313683157560977,1.0,1.0,Vừa,Khách quan
Từ 18 đến 24,Không muốn tiết lộ,3,1.0,0.5,0,0.7295277983093602,1.0,1.0,Vừa,Khách quan
Từ 18 đến 24,Không muốn tiết lộ,3,1.0,0.5,1,0.729991139577023,1.0,1.0,Vừa,Chủ quan
Từ 18 đến 24,Không muốn tiết lộ,3,1.0,0.5,1,0.7297400884865604,1.0,1.0,Vừa,Chủ quan
Từ 18 đến 24,Không muốn tiết lộ,3,1.0,0.5,1,0.7300198787617148,1.0,1.0,Vừa,Chủ quan
Từ 18 đến 24,Không muốn tiết lộ,3,1.0,1.0,0,0.6818736398878186,1.0,1.0,Cao,Khách quan
Từ 18 đến 24,Không muốn tiết lộ,3,1.0,1.0,0,0.6807706819864463,1.0,1.0,Cao,Khách quan
Từ 18 đến 24,Không muốn tiết lộ,3,1.0,1.0,0,0.6803026805607992,1.0,1.0,Cao,Khách quan
Từ 18 đến 24,Không muốn tiết lộ,3,1.0,1.0,1,0.6809943540056087,1.0,1.0,Cao,Chủ quan
Từ 18 đến 24,Không muốn tiết lộ,3,1.0,1.0,1,0.6817279554701684,1.0,1.0,Cao,Chủ quan
Từ 18 đến 24,Nam,3,0.0,0.0,0,0.13050179573261916,1.0,0.0,Thấp,Khách quan
Từ 18 đến 24,Nam,3,0.0,0.0,0,0.1302619403932053,1.0,0.0,Thấp,Khách quan
Từ 18 đến 24,Nam,3,0.0,0.0,0,0.12969854527738614,1.0,0.0,Thấp,Khách quan
Từ 18 đến 24,Nam,3,0.0,0.0,0,0.13032865260303245,1.0,0.0,Thấp,Khách quan
Từ 18 đến 24,Nam,3,0.0,0.0,1,0.12784305078924516,1.0,0.0,Thấp,Chủ quan
Từ 18 đến 24,Nam,3,0.0,0.0,1,0.13099653910632497,1.0,0.0,Thấp,Chủ quan
Từ 18 đến 24,Nam,3,0.0,0.0,1,0.13040646077650198,1.0,0.0,Thấp,Chủ quan
Từ 18 đến 24,Nam,3,0.0,0.5,0,0.1,1.0,0.0,Vừa,Khách quan
Từ 18 đến 24,Nam,3,0.0,0.5,0,0.1,1.0,0.0,Vừa,Khách quan
Từ 18 đến 24,Nam,3,0.0,0.5,0,0.1,1.0,0.0,Vừa,Khách quan
Từ 18 đến 24,Nam,3,0.0,0.5,0,0.1,1.0,0.0,Vừa,Khách quan
Từ 18 đến 24,Nam,3,0.0,0.5,1,0.1,1.0,0.0,Vừa,Chủ quan
Từ 18 đến 24,Nam,3,0.0,0.5,1,0.1,1.0,0.0,Vừa,Chủ quan
Từ 18 đến 24,Nam,3,0.0,0.5,1,0.1,1.0,0.0,Vừa,Chủ quan
Từ 18 đến 24,Nam,3,0.0,1.0,0,0.1,1.0,0.0,Cao,Khách quan
Từ 18 đến 24,Nam,3,0.0,1.0,0,0.1,1.0,0.0,Cao,Khách quan
Từ 18 đến 24,Nam,3,0.0,1.0,0,0.1,1.0,0.0,Cao,Khách quan
Từ 18 đến 24,Nam,3,0.0,1.0,1,0.1,1.0,0.0,Cao,Chủ quan
Từ 18 đến 24,Nam,3,0.0,1.0,1,0.1,1.0,0.0,Cao,Chủ quan
Từ 18 đến 24,Nữ,3,1.0,0.0,0,0.7791094471639656,1.0,1.0,Thấp,Khách quan
Từ 18 đến 24,Nữ,3,1.0,0.0,0,0.7791025256951016,1.0,1.0,Thấp,Khách quan
Từ 18 đến 24,Nữ,3,1.0,0.0,0,0.7783691457098701,1.0,1.0,Thấp,Khách quan
Từ 18 đến 24,Nữ,3,1.0,0.0,0,0.7797461574912682,1.0,1.0,Thấp,Khách quan
Từ 18 đến 24,Nữ,3,1.0,0.0,1,0.7803641478698662,1.0,1.0,Thấp,Chủ quan
Từ 18 đến 24,Nữ,3,1.0,0.0,1,0.7807964048329209,1.0,1.0,Thấp,Chủ quan
Từ 18 đến 24,Nữ,3,1.0,0.0,1,0.7790386580624153,1.0,1.0,Thấp,Chủ quan
Từ 18 đến 24,Nữ,3,1.0,0.5,0,0.7311083489411265,1.0,1.0,Vừa,Khách quan
Từ 18 đến 24,Nữ,3,1.0,0.5,0,0.7294128751406034,1.0,1.0,Vừa,Khách quan
Từ 18 đến 24,Nữ,3,1.0,0.5,0,0.7297233608443371,1.0,1.0,Vừa,Khách quan
Từ 18 đến 24,Nữ,3,1.0,0.5,0,0.7298344795679129,1.0,1.0,Vừa,Khách quan
Từ 18 đến 24,Nữ,3,1.0,0.5,1,0.7305341330231919,1.0,1.0,Vừa,Chủ quan
Từ 18 đến 24,Nữ,3,1.0,0.5,1,0.7306290854166072,1.0,1.0,Vừa,Chủ quan
Từ 18 đến 24,Nữ,3,1.0,0.5,1,0.730388365891271,1.0,1.0,Vừa,Chủ quan
Từ 18 đến 24,Nữ,3,1.0,1.0,0,0.6802475083775028,1.0,1.0,Cao,Khách quan
Từ 18 đến 24,Nữ,3,1.0,1.0,0,0.6793271713844765,1.0,1.0,Cao,Khách quan
Từ 18 đến 24,Nữ,3,1.0,1.0,0,0.6812375469161965,1.0,1.0,Cao,Khách quan
Từ 18 đến 24,Nữ,3,1.0,1.0,1,0.6801392350804294,1.0,1.0,Cao,Chủ quan
Từ 18 đến 24,Nữ,3,1.0,1.0,1,0.680345900701234,1.0,1.0,Cao,Chủ quan
Dưới 18,Nam,2,1.0,0.0,0,0.7692297172972191,1.0,1.0,Thấp,Khách quan
Dưới 18,Nam,2,1.0,0.0,0,0.7694212057878891,1.0,1.0,Thấp,Khách quan
Dưới 18,Nam,2,1.0,0.0,0,0.7691135907781969,1.0,1.0,Thấp,Khách quan
Dưới 18,Nam,2,0.0,0.0,0,0.11859031930135468,1.0,0.0,Thấp,Khách quan
Dưới 18,Nam,2,1.0,0.0,1,0.7692243752957341,1.0,1.0,Thấp,Chủ quan
Dưới 18,Nam,2,1.0,0.0,1,0.7696873546876654,1.0,1.0,Thấp,Chủ quan
Dưới 18,Nam,2,1.0,0.0,1,0.7692342710350385,1.0,1.0,Thấp,Chủ quan
Dưới 18,Nam,2,0.0,0.5,0,0.1,1.0,0.0,Vừa,Khách quan
Dưới 18,Nam,2,1.0,0.5,0,0.7183825918399618,1.0,1.0,Vừa,Khách quan
Dưới 18,Nam,2,0.0,0.5,0,0.1,1.0,0.0,Vừa,Khách quan
Dưới 18,Nam,2,1.0,0.5,0,0.7197599417475548,1.0,1.0,Vừa,Khách quan
Dưới 18,Nam,2,1.0,0.5,1,0.7206166841805182,1.0,1.0,Vừa,Chủ quan
Dưới 18,Nam,2,1.0,0.5,1,0.7201156113909555,1.0,1.0,Vừa,Chủ quan
Dưới 18,Nam,2,0.0,0.5,1,0.1,1.0,0.0,Vừa,Chủ quan
Dưới 18,Nam,2,1.0,1.0,0,0.6708067982230026,1.0,1.0,Cao,Khách quan
Dưới 18,Nam,2,0.0,1.0,0,0.1,1.0,0.0,Cao,Khách quan
Dưới 18,Nam,2,1.0,1.0,0,0.6703946080297705,1.0,1.0,Cao,Khách quan
Dưới 18,Nam,2,1.0,1.0,1,0.6698555139190182,1.0,1.0,Cao,Chủ quan
Dưới 18,Nam,2,1.0,1.0,1,0.6691288194620025,1.0,1.0,Cao,Chủ quan
Từ 18 đến 24,Nam,3,1.0,0.0,0,0.7778187873251042,1.0,1.0,Thấp,Khách quan
Từ 18 đến 24,Nam,3,1.0,0.0,0,0.7798739279919947,1.0,1.0,Thấp,Khách quan
Từ 18 đến 24,Nam,3,1.0,0.0,0,0.780910478042483,1.0,1.0,Thấp,Khách quan
Từ 18 đến 24,Nam,3,0.0,0.0,0,0.12944958747009777,1.0,0.0,Thấp,Khách quan
Từ 18 đến 24,Nam,3,1.0,0.0,1,0.7805002533187992,1.0,1.0,Thấp,Chủ quan
Từ 18 đến 24,Nam,3,1.0,0.0,1,0.7788651727482975,1.0,1.0,Thấp,Chủ quan
Từ 18 đến 24,Nam,3,1.0,0.0,1,0.779230841544545,1.0,1.0,Thấp,Chủ quan
Từ 18 đến 24,Nam,3,1.0,0.5,0,0.7304673029010389,1.0,1.0,Vừa,Khách quan
Từ 18 đến 24,Nam,3,1.0,0.5,0,0.7302668322256388,1.0,1.0,Vừa,Khách quan
Từ 18 đến 24,Nam,3,0.0,0.5,0,0.1,1.0,0.0,Vừa,Khách quan
Từ 18 đến 24,Nam,3,1.0,0.5,0,0.7322107713805274,1.0,1.0,Vừa,Khách quan
Từ 18 đến 24,Nam,3,1.0,0.5,1,0.7292693575393651,1.0,1.0,Vừa,Chủ quan
Từ 18 đến 24,Nam,3,0.0,0.5,1,0.1,1.0,0.0,Vừa,Chủ quan
Từ 18 đến 24,Nam,3,0.0,0.5,1,0.1,1.0,0.0,Vừa,Chủ quan
Từ 18 đến 24,Nam,3,0.0,1.0,0,0.1,1.0,0.0,Cao,Khách quan
Từ 18 đến 24,Nam,3,0.0,1.0,0,0.1,1.0,0.0,Cao,Khách quan
Từ 18 đến 24,Nam,3,1.0,1.0,0,0.680092109362757,1.0,1.0,Cao,Khách quan
Từ 18 đến 24,Nam,3,1.0,1.0,1,0.6798431369219959,1.0,1.0,Cao,Chủ quan
Từ 18 đến 24,Nam,3,1.0,1.0,1,0.6796528566345427,1.0,1.0,Cao,Chủ quan
Từ 18 đến 24,Nam,2,0.0,0.0,0,0.12055608775916755,1.0,0.0,Thấp,Khách quan
Từ 18 đến 24,Nam,2,0.0,0.0,0,0.12022034888522969,1.0,0.0,Thấp,Khách quan
Từ 18 đến 24,Nam,2,1.0,0.0,0,0.7708843861303056,1.0,1.0,Thấp,Khách quan
Từ 18 đến 24,Nam,2,0.0,0.0,0,0.12070258341854265,1.0,0.0,Thấp,Khách quan
Từ 18 đến 24,Nam,2,0.0,0.0,1,0.12081465337395694,1.0,0.0,Thấp,Chủ quan
Từ 18 đến 24,Nam,2,1.0,0.0,1,0.7713905639403119,1.0,1.0,Thấp,Chủ quan
Từ 18 đến 24,Nam,2,0.0,0.0,1,0.11889761197039474,1.0,0.0,Thấp,Chủ quan
Từ 18 đến 24,Nam,2,0.0,0.5,0,0.1,1.0,0.0,Vừa,Khách quan
Từ 18 đến 24,Nam,2,0.0,0.5,0,0.1,1.0,0.0,Vừa,Khách quan
Từ 18 đến 24,Nam,2,0.0,0.5,0,0.1,1.0,0.0,Vừa,Khách quan
Từ 18 đến 24,Nam,2,1.0,0.5,0,0.7205186596884178,1.0,1.0,Vừa,Khách quan
Từ 18 đến 24,Nam,2,1.0,0.5,1,0.7193791224965432,1.0,1.0,Vừa,Chủ quan
Từ 18 đến 24,Nam,2,1.0,0.5,1,0.7181065332759947,1.0,1.0,Vừa,Chủ quan
Từ 18 đến 24,Nam,2,0.0,0.5,1,0.1,1.0,0.0,Vừa,Chủ quan
Từ 18 đến 24,Nam,2,0.0,1.0,0,0.1,1.0,0.0,Cao,Khách quan
Từ 18 đến 24,Nam,2,0.0,1.0,0,0.1,1.0,0.0,Cao,Khách quan
Từ 18 đến 24,Nam,2,1.0,1.0,0,0.6686182777050933,1.0,1.0,Cao,Khách quan
Từ 18 đến 24,Nam,2,1.0,1.0,1,0.6707800812576695,1.0,1.0,Cao,Chủ quan
Từ 18 đến 24,Nam,2,1.0,1.0,1,0.668931020614875,1.0,1.0,Cao,Chủ quan
Từ 18 đến 24,Nam,4,1.0,0.0,0,0.790976019999217,1.0,1.0,Thấp,Khách quan
Từ 18 đến 24,Nam,4,1.0,0.0,0,0.7904455724670466,1.0,1.0,Thấp,Khách quan
Từ 18 đến 24,Nam,4,0.0,0.0,0,0.14220656974769072,1.0,0.0,Thấp,Khách quan
Từ 18 đến 24,Nam,4,0.0,0.0,0,0.13909044857473216,1.0,0.0,Thấp,Khách quan
Từ 18 đến 24,Nam,4,0.0,0.0,1,0.141099537880965,1.0,0.0,Thấp,Chủ quan
Từ 18 đến 24,Nam,4,1.0,0.0,1,0.790304395164652,1.0,1.0,Thấp,Chủ quan
Từ 18 đến 24,Nam,4,1.0,0.0,1,0.7891049729207354,1.0,1.0,Thấp,Chủ quan
Từ 18 đến 24,Nam,4,0.0,0.5,0,0.1,1.0,0.0,Vừa,Khách quan
Từ 18 đến 24,Nam,4,0.0,0.5,0,0.1,1.0,0.0,Vừa,Khách quan
Từ 18 đến 24,Nam,4,0.0,0.5,0,0.1,1.0,0.0,Vừa,Khách quan
Từ 18 đến 24,Nam,4,1.0,0.5,0,0.7418805679342004,1.0,1.0,Vừa,Khách quan
Từ 18 đến 24,Nam,4,1.0,0.5,1,0.7402637514237851,1.0,1.0,Vừa,Chủ quan
Từ 18 đến 24,Nam,4,1.0,0.5,1,0.7406327996846219,1.0,1.0,Vừa,Chủ quan
Từ 18 đến 24,Nam,4,1.0,0.5,1,0.7394646535890843,1.0,1.0,Vừa,Chủ quan
Từ 18 đến 24,Nam,4,0.0,1.0,0,0.1,1.0,0.0,Cao,Khách quan
Từ 18 đến 24,Nam,4,0.0,1.0,0,0.1,1.0,0.0,Cao,Khách quan
Từ 18 đến 24,Nam,4,1.0,1.0,0,0.6888778702675108,1.0,1.0,Cao,Khách quan
Từ 18 đến 24,Nam,4,0.0,1.0,1,0.1,1.0,0.0,Cao,Chủ quan
Từ 18 đến 24,Nam,4,0.0,1.0,1,0.1,1.0,0.0,Cao,Chủ quan
Từ 18 đến 24,Nữ,3,0.0,0.0,0,0.13177068149947058,1.0,0.0,Thấp,Khách quan
Từ 18 đến 24,Nữ,3,0.0,0.0,0,0.12878870681215435,1.0,0.0,Thấp,Khách quan
Từ 18 đến 24,Nữ,3,0.0,0.0,0,0.1296884057907857,1.0,0.0,Thấp,Khách quan
Từ 18 đến 24,Nữ,3,0.0,0.0,0,0.12777562765830375,1.0,0.0,Thấp,Khách quan
Từ 18 đến 24,Nữ,3,0.0,0.0,1,0.13001738272101918,1.0,0.0,Thấp,Chủ quan
Từ 18 đến 24,Nữ,3,1.0,0.0,1,0.7804797488944522,1.0,1.0,Thấp,Chủ quan
Từ 18 đến 24,Nữ,3,1.0,0.0,1,0.7794363012840472,1.0,1.0,Thấp,Chủ quan
Từ 18 đến 24,Nữ,3,1.0,0.5,0,0.7295597969514473,1.0,1.0,Vừa,Khách quan
Từ 18 đến 24,Nữ,3,0.0,0.5,0,0.1,1.0,0.0,Vừa,Khách quan
Từ 18 đến 24,Nữ,3,1.0,0.5,0,0.7305686619964475,1.0,1.0,Vừa,Khách quan
Từ 18 đến 24,Nữ,3,0.0,0.5,0,0.1,1.0,0.0,Vừa,Khách quan
Từ 18 đến 24,Nữ,3,1.0,0.5,1,0.7308159743976873,1.0,1.0,Vừa,Chủ quan
Từ 18 đến 24,Nữ,3,1.0,0.5,1,0.7289243573458444,1.0,1.0,Vừa,Chủ quan
Từ 18 đến 24,Nữ,3,1.0,0.5,1,0.7314985746744822,1.0,1.0,Vừa,Chủ quan
Từ 18 đến 24,Nữ,3,1.0,1.0,0,0.6786662887459858,1.0,1.0,Cao,Khách quan
Từ 18 đến 24,Nữ,3,0.0,1.0,0,0.1,1.0,0.0,Cao,Khách quan
Từ 18 đến 24,Nữ,3,1.0,1.0,0,0.6795403229767115,1.0,1.0,Cao,Khách quan
Từ 18 đến 24,Nữ,3,1.0,1.0,1,0.6810520999882856,1.0,1.0,Cao,Chủ quan
Từ 18 đến 24,Nữ,3,1.0,1.0,1,0.681256962790136,1.0,1.0,Cao,Chủ quan
Từ 18 đến 24,Nam,3,0.0,0.0,0,0.12817680414482602,1.0,0.0,Thấp,Khách quan
Từ 18 đến 24,Nam,3,1.0,0.0,0,0.7798274850940171,1.0,1.0,Thấp,Khách quan
Từ 18 đến 24,Nam,3,1.0,0.0,0,0.7801190014603208,1.0,1.0,Thấp,Khách quan
Từ 18 đến 24,Nam,3,1.0,0.0,0,0.7807952686522599,1.0,1.0,Thấp,Khách quan
Từ 18 đến 24,Nam,3,1.0,0.0,1,0.7803078185699251,1.0,1.0,Thấp,Chủ quan
Từ 18 đến 24,Nam,3,1.0,0.0,1,0.7797776324042011,1.0,1.0,Thấp,Chủ quan
Từ 18 đến 24,Nam,3,0.0,0.0,1,0.12852611513112303,1.0,0.0,Thấp,Chủ quan
Từ 18 đến 24,Nam,3,0.0,0.5,0,0.1,1.0,0.0,Vừa,Khách quan
Từ 18 đến 24,Nam,3,1.0,0.5,0,0.7307745778361928,1.0,1.0,Vừa,Khách quan
Từ 18 đến 24,Nam,3,0.0,0.5,0,0.1,1.0,0.0,Vừa,Khách quan
Từ 18 đến 24,Nam,3,1.0,0.5,0,0.7308282411690951,1.0,1.0,Vừa,Khách quan
Từ 18 đến 24,Nam,3,1.0,0.5,1,0.7301010884239743,1.0,1.0,Vừa,Chủ quan
Từ 18 đến 24,Nam,3,1.0,0.5,1,0.7295609297332828,1.0,1.0,Vừa,Chủ quan
Từ 18 đến 24,Nam,3,0.0,0.5,1,0.1,1.0,0.0,Vừa,Chủ quan
Từ 18 đến 24,Nam,3,0.0,1.0,0,0.1,1.0,0.0,Cao,Khách quan
Từ 18 đến 24,Nam,3,0.0,1.0,0,0.1,1.0,0.0,Cao,Khách quan
Từ 18 đến 24,Nam,3,1.0,1.0,0,0.6801437203434926,1.0,1.0,Cao,Khách quan
Từ 18 đến 24,Nam,3,1.0,1.0,1,0.6798779550449094,1.0,1.0,Cao,Chủ quan
Từ 18 đến 24,Nam,2,0.0,0.0,0,0.1192205202105406,1.0,0.0,Thấp,Khách quan
Từ 18 đến 24,Nam,2,0.0,0.0,0,0.12154338105775422,1.0,0.0,Thấp,Khách quan
Từ 18 đến 24,Nam,2,1.0,0.0,0,0.7699786666614195,1.0,1.0,Thấp,Khách quan
Từ 18 đến 24,Nam,2,0.0,0.0,0,0.11843715826039784,1.0,0.0,Thấp,Khách quan
Từ 18 đến 24,Nam,2,0.0,0.0,1,0.12043035088640884,1.0,0.0,Thấp,Chủ quan
Từ 18 đến 24,Nam,2,0.0,0.0,1,0.12115552494562158,1.0,0.0,Thấp,Chủ quan
Từ 18 đến 24,Nam,2,1.0,0.0,1,0.7704310839148449,1.0,1.0,Thấp,Chủ quan
Từ 18 đến 24,Nam,2,0.0,0.5,0,0.1,1.0,0.0,Vừa,Khách quan
Từ 18 đến 24,Nam,2,0.0,0.5,0,0.1,1.0,0.0,Vừa,Khách quan
Từ 18 đến 24,Nam,2,0.0,0.5,0,0.1,1.0,0.0,Vừa,Khách quan
Từ 18 đến 24,Nam,2,0.0,0.5,0,0.1,1.0,0.0,Vừa,Khách quan
Từ 18 đến 24,Nam,2,1.0,0.5,1,0.7203024762766456,1.0,1.0,Vừa,Chủ quan
Từ 18 đến 24,Nam,2,0.0,0.5,1,0.1,1.0,0.0,Vừa,Chủ quan
Từ 18 đến 24,Nam,2,0.0,0.5,1,0.1,1.0,0.0,Vừa,Chủ quan
Từ 18 đến 24,Nam,2,0.0,1.0,0,0.1,1.0,0.0,Cao,Khách quan
Từ 18 đến 24,Nam,2,0.0,1.0,0,0.1,1.0,0.0,Cao,Khách quan
Từ 18 đến 24,Nam,2,0.0,1.0,0,0.1,1.0,0.0,Cao,Khách quan
Từ 18 đến 24,Nam,2,0.0,1.0,1,0.1,1.0,0.0,Cao,Chủ quan
Từ 18 đến 24,Nam,2,1.0,1.0,1,0.6697990813103869,1.0,1.0,Cao,Chủ quan
Từ 18 đến 24,Nam,3,1.0,0.0,0,0.7768241227628421,1.0,1.0,Thấp,Khách quan
Từ 18 đến 24,Nam,3,0.0,0.0,0,0.13044115764530223,1.0,0.0,Thấp,Khách quan
Từ 18 đến 24,Nam,3,0.0,0.0,0,0.1302642926995512,1.0,0.0,Thấp,Khách quan
Từ 18 đến 24,Nam,3,1.0,0.0,0,0.7792163225106098,1.0,1.0,Thấp,Khách quan
Từ 18 đến 24,Nam,3,1.0,0.0,1,0.7791419819131876,1.0,1.0,Thấp,Chủ quan
Từ 18 đến 24,Nam,3,0.0,0.0,1,0.12956692384255042,1.0,0.0,Thấp,Chủ quan
Từ 18 đến 24,Nam,3,1.0,0.0,1,0.7796543628550799,1.0,1.0,Thấp,Chủ quan
Từ 18 đến 24,Nam,3,0.0,0.5,0,0.1,1.0,0.0,Vừa,Khách quan
Từ 18 đến 24,Nam,3,0.0,0.5,0,0.1,1.0,0.0,Vừa,Khách quan
Từ 18 đến 24,Nam,3,1.0,0.5,0,0.7310748993112746,1.0,1.0,Vừa,Khách quan
Từ 18 đến 24,Nam,3,0.0,0.5,0,0.1,1.0,0.0,Vừa,Khách quan
Từ 18 đến 24,Nam,3,1.0,0.5,1,0.7307054890362152,1.0,1.0,Vừa,Chủ quan
Từ 18 đến 24,Nam,3,0.0,0.5,1,0.1,1.0,0.0,Vừa,Chủ quan
Từ 18 đến 24,Nam,3,0.0,0.5,1,0.1,1.0,0.0,Vừa,Chủ quan
Từ 18 đến 24,Nam,3,1.0,1.0,0,0.6787533192496531,1.0,1.0,Cao,Khách quan
Từ 18 đến 24,Nam,3,0.0,1.0,0,0.1,1.0,0.0,Cao,Khách quan
Từ 18 đến 24,Nam,3,0.0,1.0,0,0.1,1.0,0.0,Cao,Khách quan
Từ 18 đến 24,Nam,3,1.0,1.0,1,0.6807754821637991,1.0,1.0,Cao,Chủ quan
Từ 18 đến 24,Nam,3,1.0,1.0,1,0.6802585945819597,1.0,1.0,Cao,Chủ quan
Từ 18 đến 24,Nam,4,0.0,0.0,0,0.1409436041550823,1.0,0.0,Thấp,Khách quan
Từ 18 đến 24,Nam,4,0.0,0.0,0,0.13937426771448702,1.0,0.0,Thấp,Khách quan
Từ 18 đến 24,Nam,4,1.0,0.0,0,0.7898501136162711,1.0,1.0,Thấp,Khách quan
Từ 18 đến 24,Nam,4,0.0,0.0,0,0.14158198778388847,1.0,0.0,Thấp,Khách quan
Từ 18 đến 24,Nam,4,0.0,0.0,1,0.13967650024298714,1.0,0.0,Thấp,Chủ quan
Từ 18 đến 24,Nam,4,1.0,0.0,1,0.7917614075326148,1.0,1.0,Thấp,Chủ quan
Từ 18 đến 24,Nam,4,1.0,0.0,1,0.789652165508455,1.0,1.0,Thấp,Chủ quan
Từ 18 đến 24,Nam,4,0.0,0.5,0,0.1,1.0,0.0,Vừa,Khách quan
Từ 18 đến 24,Nam,4,1.0,0.5,0,0.7393302996327529,1.0,1.0,Vừa,Khách quan
Từ 18 đến 24,Nam,4,0.0,0.5,0,0.1,1.0,0.0,Vừa,Khách quan
Từ 18 đến 24,Nam,4,1.0,0.5,0,0.741474455399166,1.0,1.0,Vừa,Khách quan
Từ 18 đến 24,Nam,4,1.0,0.5,1,0.7403079470593273,1.0,1.0,Vừa,Chủ quan
Từ 18 đến 24,Nam,4,0.0,0.5,1,0.1,1.0,0.0,Vừa,Chủ quan
Từ 18 đến 24,Nam,4,0.0,0.5,1,0.1,1.0,0.0,Vừa,Chủ quan
Từ 18 đến 24,Nam,4,1.0,1.0,0,0.689137353034553,1.0,1.0,Cao,Khách quan
Từ 18 đến 24,Nam,4,0.0,1.0,0,0.1,1.0,0.0,Cao,Khách quan
Từ 18 đến 24,Nam,4,1.0,1.0,0,0.6911488377392433,1.0,1.0,Cao,Khách quan
Từ 18 đến 24,Nam,4,1.0,1.0,1,0.6884495022511904,1.0,1.0,Cao,Chủ quan
Từ 18 đến 24,Nam,4,0.0,1.0,1,0.1,1.0,0.0,Cao,Chủ quan
Từ 18 đến 24,Nam,3,1.0,0.0,0,0.7813769118024488,1.0,1.0,Thấp,Khách quan
Từ 18 đến 24,Nam,3,0.0,0.0,0,0.131466814246728,1.0,0.0,Thấp,Khách quan
Từ 18 đến 24,Nam,3,1.0,0.0,0,0.780854226144463,1.0,1.0,Thấp,Khách quan
Từ 18 đến 24,Nam,3,0.0,0.0,0,0.1295779447930386,1.0,0.0,Thấp,Khách quan
Từ 18 đến 24,Nam,3,0.0,0.0,1,0.13086422574674497,1.0,0.0,Thấp,Chủ quan
Từ 18 đến 24,Nam,3,1.0,0.0,1,0.7787795884167406,1.0,1.0,Thấp,Chủ quan
Từ 18 đến 24,Nam,3,1.0,0.0,1,0.7809629331479614,1.0,1.0,Thấp,Chủ quan
Từ 18 đến 24,Nam,3,1.0,0.5,0,0.7303719545658662,1.0,1.0,Vừa,Khách quan
Từ 18 đến 24,Nam,3,0.0,0.5,0,0.1,1.0,0.0,Vừa,Khách quan
Từ 18 đến 24,Nam,3,1.0,0.5,0,0.729289430047987,1.0,1.0,Vừa,Khách quan
Từ 18 đến 24,Nam,3,1.0,0.5,0,0.7311841537579588,1.0,1.0,Vừa,Khách quan
Từ 18 đến 24,Nam,3,1.0,0.5,1,0.7298615325524928,1.0,1.0,Vừa,Chủ quan
Từ 18 đến 24,Nam,3,0.0,0.5,1,0.1,1.0,0.0,Vừa,Chủ quan
Từ 18 đến 24,Nam,3,0.0,0.5,1,0.1,1.0,0.0,Vừa,Chủ quan
Từ 18 đến 24,Nam,3,1.0,1.0,0,0.6791364301113075,1.0,1.0,Cao,Khách quan
Từ 18 đến 24,Nam,3,0.0,1.0,0,0.1,1.0,0.0,Cao,Khách quan
Từ 18 đến 24,Nam,3,1.0,1.0,0,0.680620397406034,1.0,1.0,Cao,Khách quan
Từ 18 đến 24,Nam,3,1.0,1.0,1,0.6812737561717018,1.0,1.0,Cao,Chủ quan
Từ 18 đến 24,Nam,3,0.0,1.0,1,0.1,1.0,0.0,Cao,Chủ quan
Từ 18 đến 24,Nam,3,0.0,0.0,0,0.1287351490775345,1.0,0.0,Thấp,Khách quan
Từ 18 đến 24,Nam,3,0.0,0.0,0,0.13054147623222778,1.0,0.0,Thấp,Khách quan
Từ 18 đến 24,Nam,3,1.0,0.0,0,0.7804734703125246,1.0,1.0,Thấp,Khách quan
Từ 18 đến 24,Nam,3,1.0,0.0,0,0.7780596982627773,1.0,1.0,Thấp,Khách quan
Từ 18 đến 24,Nam,3,0.0,0.0,1,0.13085408045645602,1.0,0.0,Thấp,Chủ quan
Từ 18 đến 24,Nam,3,1.0,0.0,1,0.7800338639065816,1.0,1.0,Thấp,Chủ quan
Từ 18 đến 24,Nam,3,1.0,0.0,1,0.7795185481613649,1.0,1.0,Thấp,Chủ quan
Từ 18 đến 24,Nam,3,0.0,0.5,0,0.1,1.0,0.0,Vừa,Khách quan
Từ 18 đến 24,Nam,3,0.0,0.5,0,0.1,1.0,0.0,Vừa,Khách quan
Từ 18 đến 24,Nam,3,1.0,0.5,0,0.7322111118957018,1.0,1.0,Vừa,Khách quan
Từ 18 đến 24,Nam,3,0.0,0.5,0,0.1,1.0,0.0,Vừa,Khách quan
Từ 18 đến 24,Nam,3,0.0,0.5,1,0.1,1.0,0.0,Vừa,Chủ quan
Từ 18 đến 24,Nam,3,0.0,0.5,1,0.1,1.0,0.0,Vừa,Chủ quan
Từ 18 đến 24,Nam,3,1.0,0.5,1,0.7301461008768783,1.0,1.0,Vừa,Chủ quan
Từ 18 đến 24,Nam,3,1.0,1.0,0,0.6795335450060074,1.0,1.0,Cao,Khách quan
Từ 18 đến 24,Nam,3,0.0,1.0,0,0.1,1.0,0.0,Cao,Khách quan
Từ 18 đến 24,Nam,3,0.0,1.0,0,0.1,1.0,0.0,Cao,Khách quan
Từ 18 đến 24,Nam,3,0.0,1.0,1,0.1,1.0,0.0,Cao,Chủ quan
Từ 18 đến 24,Nam,3,1.0,1.0,1,0.6789627359790383,1.0,1.0,Cao,Chủ quan
Từ 18 đến 24,Nữ,3,0.0,0.0,0,0.12978281682143603,1.0,0.0,Thấp,Khách quan
Từ 18 đến 24,Nữ,3,0.0,0.0,0,0.13017892149371266,1.0,0.0,Thấp,Khách quan
Từ 18 đến 24,Nữ,3,1.0,0.0,0,0.7809662129780076,1.0,1.0,Thấp,Khách quan
Từ 18 đến 24,Nữ,3,0.0,0.0,0,0.12885006152731315,1.0,0.0,Thấp,Khách quan
Từ 18 đến 24,Nữ,3,0.0,0.0,1,0.13189308262709237,1.0,0.0,Thấp,Chủ quan
Từ 18 đến 24,Nữ,3,0.0,0.0,1,0.12962451837908143,1.0,0.0,Thấp,Chủ quan
Từ 18 đến 24,Nữ,3,1.0,0.0,1,0.7795579976098491,1.0,1.0,Thấp,Chủ quan
Từ 18 đến 24,Nữ,3,0.0,0.5,0,0.1,1.0,0.0,Vừa,Khách quan
Từ 18 đến 24,Nữ,3,0.0,0.5,0,0.1,1.0,0.0,Vừa,Khách quan
Từ 18 đến 24,Nữ,3,0.0,0.5,0,0.1,1.0,0.0,Vừa,Khách quan
Từ 18 đến 24,Nữ,3,1.0,0.5,0,0.7297967980391902,1.0,1.0,Vừa,Khách quan
Từ 18 đến 24,Nữ,3,1.0,0.5,1,0.7288075493700988,1.0,1.0,Vừa,Chủ quan
Từ 18 đến 24,Nữ,3,1.0,0.5,1,0.728606715700541,1.0,1.0,Vừa,Chủ quan
Từ 18 đến 24,Nữ,3,0.0,0.5,1,0.1,1.0,0.0,Vừa,Chủ quan
Từ 18 đến 24,Nữ,3,1.0,1.0,0,0.6807259421245024,1.0,1.0,Cao,Khách quan
Từ 18 đến 24,Nữ,3,0.0,1.0,0,0.1,1.0,0.0,Cao,Khách quan
Từ 18 đến 24,Nữ,3,1.0,1.0,0,0.6803471307014234,1.0,1.0,Cao,Khách quan
Từ 18 đến 24,Nữ,3,1.0,1.0,1,0.679492182415673,1.0,1.0,Cao,Chủ quan
Từ 18 đến 24,Nữ,3,1.0,1.0,1,0.6802718694211112,1.0,1.0,Cao,Chủ quan
Từ 18 đến 24,Nữ,2,1.0,0.0,0,0.7697155146550768,1.0,1.0,Thấp,Khách quan
Từ 18 đến 24,Nữ,2,0.0,0.0,0,0.11990476994572538,1.0,0.0,Thấp,Khách quan
Từ 18 đến 24,Nữ,2,1.0,0.0,0,0.7699882438859129,1.0,1.0,Thấp,Khách quan
Từ 18 đến 24,Nữ,2,0.0,0.0,0,0.120339227598879,1.0,0.0,Thấp,Khách quan
Từ 18 đến 24,Nữ,2,1.0,0.0,1,0.7713239306545999,1.0,1.0,Thấp,Chủ quan
Từ 18 đến 24,Nữ,2,1.0,0.0,1,0.771321082420789,1.0,1.0,Thấp,Chủ quan
Từ 18 đến 24,Nữ,2,1.0,0.0,1,0.7708026979185031,1.0,1.0,Thấp,Chủ quan
Từ 18 đến 24,Nữ,2,0.0,0.5,0,0.1,1.0,0.0,Vừa,Khách quan
Từ 18 đến 24,Nữ,2,1.0,0.5,0,0.7204491322519513,1.0,1.0,Vừa,Khách quan
Từ 18 đến 24,Nữ,2,0.0,0.5,0,0.1,1.0,0.0,Vừa,Khách quan
Từ 18 đến 24,Nữ,2,1.0,0.5,0,0.7179919942810715,1.0,1.0,Vừa,Khách quan
Từ 18 đến 24,Nữ,2,1.0,0.5,1,0.7184263071318807,1.0,1.0,Vừa,Chủ quan
Từ 18 đến 24,Nữ,2,1.0,0.5,1,0.719941704649277,1.0,1.0,Vừa,Chủ quan
Từ 18 đến 24,Nữ,2,0.0,0.5,1,0.1,1.0,0.0,Vừa,Chủ quan
Từ 18 đến 24,Nữ,2,0.0,1.0,0,0.1,1.0,0.0,Cao,Khách quan
Từ 18 đến 24,Nữ,2,0.0,1.0,0,0.1,1.0,0.0,Cao,Khách quan
Từ 18 đến 24,Nữ,2,1.0,1.0,0,0.6683972106640107,1.0,1.0,Cao,Khách quan
Từ 18 đến 24,Nữ,2,1.0,1.0,1,0.6710604261961662,1.0,1.0,Cao,Chủ quan
Từ 18 đến 24,Nữ,2,1.0,1.0,1,0.6707900192285499,1.0,1.0,Cao,Chủ quan
Từ 18 đến 24,Nữ,4,1.0,0.0,0,0.7882619505890969,1.0,1.0,Thấp,Khách quan
Từ 18 đến 24,Nữ,4,1.0,0.0,0,0.7912835799513867,1.0,1.0,Thấp,Khách quan
Từ 18 đến 24,Nữ,4,1.0,0.0,0,0.7911053448835397,1.0,1.0,Thấp,Khách quan
Từ 18 đến 24,Nữ,4,1.0,0.0,0,0.790986109321416,1.0,1.0,Thấp,Khách quan
Từ 18 đến 24,Nữ,4,0.0,0.0,1,0.1393218425681898,1.0,0.0,Thấp,Chủ quan
Từ 18 đến 24,Nữ,4,1.0,0.0,1,0.789380047832146,1.0,1.0,Thấp,Chủ quan
Từ 18 đến 24,Nữ,4,1.0,0.0,1,0.7903009350537441,1.0,1.0,Thấp,Chủ quan
Từ 18 đến 24,Nữ,4,0.0,0.5,0,0.1,1.0,0.0,Vừa,Khách quan
Từ 18 đến 24,Nữ,4,1.0,0.5,0,0.7397415105184787,1.0,1.0,Vừa,Khách quan
Từ 18 đến 24,Nữ,4,1.0,0.5,0,0.7403917975551947,1.0,1.0,Vừa,Khách quan
Từ 18 đến 24,Nữ,4,1.0,0.5,0,0.7407355867827029,1.0,1.0,Vừa,Khách quan
Từ 18 đến 24,Nữ,4,1.0,0.5,1,0.7418913096923963,1.0,1.0,Vừa,Chủ quan
Từ 18 đến 24,Nữ,4,1.0,0.5,1,0.7410571135384646,1.0,1.0,Vừa,Chủ quan
Từ 18 đến 24,Nữ,4,1.0,0.5,1,0.7390451930470012,1.0,1.0,Vừa,Chủ quan
Từ 18 đến 24,Nữ,4,1.0,1.0,0,0.688436374816879,1.0,1.0,Cao,Khách quan
Từ 18 đến 24,Nữ,4,1.0,1.0,0,0.6891583648579236,1.0,1.0,Cao,Khách quan
Từ 18 đến 24,Nữ,4,0.0,1.0,0,0.1,1.0,0.0,Cao,Khách quan
Từ 18 đến 24,Nữ,4,1.0,1.0,1,0.6896045340722232,1.0,1.0,Cao,Chủ quan
Từ 18 đến 24,Nữ,4,1.0,1.0,1,0.6904211139242206,1.0,1.0,Cao,Chủ quan
Từ 18 đến 24,Nam,3,1.0,0.0,0,0.778663870961307,1.0,1.0,Thấp,Khách quan
Từ 18 đến 24,Nam,3,0.0,0.0,0,0.13081238800468775,1.0,0.0,Thấp,Khách quan
Từ 18 đến 24,Nam,3,1.0,0.0,0,0.7787942148463897,1.0,1.0,Thấp,Khách quan
Từ 18 đến 24,Nam,3,1.0,0.0,0,0.7802561834360942,1.0,1.0,Thấp,Khách quan
Từ 18 đến 24,Nam,3,1.0,0.0,1,0.7799141512872629,1.0,1.0,Thấp,Chủ quan
Từ 18 đến 24,Nam,3,1.0,0.0,1,0.7808329881398585,1.0,1.0,Thấp,Chủ quan
Từ 18 đến 24,Nam,3,1.0,0.0,1,0.7807097269148048,1.0,1.0,Thấp,Chủ quan
Từ 18 đến 24,Nam,3,0.0,0.5,0,0.1,1.0,0.0,Vừa,Khách quan
Từ 18 đến 24,Nam,3,1.0,0.5,0,0.7309996855936736,1.0,1.0,Vừa,Khách quan
Từ 18 đến 24,Nam,3,1.0,0.5,0,0.7292969475263433,1.0,1.0,Vừa,Khách quan
Từ 18 đến 24,Nam,3,1.0,0.5,0,0.7287302677925332,1.0,1.0,Vừa,Khách quan
Từ 18 đến 24,Nam,3,1.0,0.5,1,0.7290208400587281,1.0,1.0,Vừa,Chủ quan
Từ 18 đến 24,Nam,3,0.0,0.5,1,0.1,1.0,0.0,Vừa,Chủ quan
Từ 18 đến 24,Nam,3,0.0,0.5,1,0.1,1.0,0.0,Vừa,Chủ quan
Từ 18 đến 24,Nam,3,0.0,1.0,0,0.1,1.0,0.0,Cao,Khách quan
Từ 18 đến 24,Nam,3,1.0,1.0,0,0.6796533385001785,1.0,1.0,Cao,Khách quan
Từ 18 đến 24,Nam,3,0.0,1.0,0,0.1,1.0,0.0,Cao,Khách quan
Từ 18 đến 24,Nam,3,1.0,1.0,1,0.6808957886955164,1.0,1.0,Cao,Chủ quan
Từ 18 đến 24,Nam,3,1.0,1.0,1,0.679565025130755,1.0,1.0,Cao,Chủ quan
Từ 18 đến 24,Nam,4,1.0,0.0,0,0.7895013284899497,1.0,1.0,Thấp,Khách quan
Từ 18 đến 24,Nam,4,0.0,0.0,0,0.14041844752756802,1.0,0.0,Thấp,Khách quan
Từ 18 đến 24,Nam,4,0.0,0.0,0,0.1389238025597266,1.0,0.0,Thấp,Khách quan
Từ 18 đến 24,Nam,4,0.0,0.0,0,0.14001856713104713,1.0,0.0,Thấp,Khách quan
Từ 18 đến 24,Nam,4,0.0,0.0,1,0.13979036556322844,1.0,0.0,Thấp,Chủ quan
Từ 18 đến 24,Nam,4,1.0,0.0,1,0.7899505140066808,1.0,1.0,Thấp,Chủ quan
Từ 18 đến 24,Nam,4,1.0,0.0,1,0.7903950115407684,1.0,1.0,Thấp,Chủ quan
Từ 18 đến 24,Nam,4,0.0,0.5,0,0.1,1.0,0.0,Vừa,Khách quan
Từ 18 đến 24,Nam,4,0.0,0.5,0,0.1,1.0,0.0,Vừa,Khách quan
Từ 18 đến 24,Nam,4,0.0,0.5,0,0.1,1.0,0.0,Vừa,Khách quan
Từ 18 đến 24,Nam,4,1.0,0.5,0,0.7387766989863642,1.0,1.0,Vừa,Khách quan
Từ 18 đến 24,Nam,4,0.0,0.5,1,0.1,1.0,0.0,Vừa,Chủ quan
Từ 18 đến 24,Nam,4,0.0,0.5,1,0.1,1.0,0.0,Vừa,Chủ quan
Từ 18 đến 24,Nam,4,0.0,0.5,1,0.1,1.0,0.0,Vừa,Chủ quan
Từ 18 đến 24,Nam,4,1.0,1.0,0,0.690090439382624,1.0,1.0,Cao,Khách quan
Từ 18 đến 24,Nam,4,0.0,1.0,0,0.1,1.0,0.0,Cao,Khách quan
Từ 18 đến 24,Nam,4,1.0,1.0,0,0.6904279371663553,1.0,1.0,Cao,Khách quan
Từ 18 đến 24,Nam,4,0.0,1.0,1,0.1,1.0,0.0,Cao,Chủ quan
Từ 18 đến 24,Nam,4,1.0,1.0,1,0.6895553801097715,1.0,1.0,Cao,Chủ quan
Từ 18 đến 24,Nữ,3,0.0,0.0,0,0.1305479161716333,1.0,0.0,Thấp,Khách quan
Từ 18 đến 24,Nữ,3,1.0,0.0,0,0.780991161234987,1.0,1.0,Thấp,Khách quan
Từ 18 đến 24,Nữ,3,0.0,0.0,0,0.12994423688474552,1.0,0.0,Thấp,Khách quan
Từ 18 đến 24,Nữ,3,1.0,0.0,0,0.7817059324788035,1.0,1.0,Thấp,Khách quan
Từ 18 đến 24,Nữ,3,1.0,0.0,1,0.7786660039513565,1.0,1.0,Thấp,Chủ quan
Từ 18 đến 24,Nữ,3,1.0,0.0,1,0.7802134553123533,1.0,1.0,Thấp,Chủ quan
Từ 18 đến 24,Nữ,3,0.0,0.0,1,0.1314769463997116,1.0,0.0,Thấp,Chủ quan
Từ 18 đến 24,Nữ,3,0.0,0.5,0,0.1,1.0,0.0,Vừa,Khách quan
Từ 18 đến 24,Nữ,3,0.0,0.5,0,0.1,1.0,0.0,Vừa,Khách quan
Từ 18 đến 24,Nữ,3,0.0,0.5,0,0.1,1.0,0.0,Vừa,Khách quan
Từ 18 đến 24,Nữ,3,1.0,0.5,0,0.7296938736245421,1.0,1.0,Vừa,Khách quan
Từ 18 đến 24,Nữ,3,1.0,0.5,1,0.7301014455127179,1.0,1.0,Vừa,Chủ quan
Từ 18 đến 24,Nữ,3,1.0,0.5,1,0.7290023708373765,1.0,1.0,Vừa,Chủ quan
Từ 18 đến 24,Nữ,3,0.0,0.5,1,0.1,1.0,0.0,Vừa,Chủ quan
Từ 18 đến 24,Nữ,3,0.0,1.0,0,0.1,1.0,0.0,Cao,Khách quan
Từ 18 đến 24,Nữ,3,0.0,1.0,0,0.1,1.0,0.0,Cao,Khách quan
Từ 18 đến 24,Nữ,3,1.0,1.0,0,0.6813823374401587,1.0,1.0,Cao,Khách quan
Từ 18 đến 24,Nữ,3,1.0,1.0,1,0.6808995010459701,1.0,1.0,Cao,Chủ quan
Từ 18 đến 24,Nữ,3,1.0,1.0,1,0.6796011812468895,1.0,1.0,Cao,Chủ quan
Từ 18 đến 24,Nữ,3,0.0,0.0,0,0.13254303600014847,1.0,0.0,Thấp,Khách quan
Từ 18 đến 24,Nữ,3,1.0,0.0,0,0.7806145897248924,1.0,1.0,Thấp,Khách quan
Từ 18 đến 24,Nữ,3,0.0,0.0,0,0.12982627855984785,1.0,0.0,Thấp,Khách quan
Từ 18 đến 24,Nữ,3,0.0,0.0,0,0.13029110018629367,1.0,0.0,Thấp,Khách quan
Từ 18 đến 24,Nữ,3,1.0,0.0,1,0.7803076860061582,1.0,1.0,Thấp,Chủ quan
Từ 18 đến 24,Nữ,3,1.0,0.0,1,0.7789256374893645,1.0,1.0,Thấp,Chủ quan
Từ 18 đến 24,Nữ,3,0.0,0.0,1,0.12965766774848173,1.0,0.0,Thấp,Chủ quan
Từ 18 đến 24,Nữ,3,0.0,0.5,0,0.1,1.0,0.0,Vừa,Khách quan
Từ 18 đến 24,Nữ,3,0.0,0.5,0,0.1,1.0,0.0,Vừa,Khách quan
Từ 18 đến 24,Nữ,3,0.0,0.5,0,0.1,1.0,0.0,Vừa,Khách quan
Từ 18 đến 24,Nữ,3,1.0,0.5,0,0.7296132022497934,1.0,1.0,Vừa,Khách quan
Từ 18 đến 24,Nữ,3,1.0,0.5,1,0.7296048930021511,1.0,1.0,Vừa,Chủ quan
Từ 18 đến 24,Nữ,3,0.0,0.5,1,0.1,1.0,0.0,Vừa,Chủ quan
Từ 18 đến 24,Nữ,3,0.0,0.5,1,0.1,1.0,0.0,Vừa,Chủ quan
Từ 18 đến 24,Nữ,3,0.0,1.0,0,0.1,1.0,0.0,Cao,Khách quan
Từ 18 đến 24,Nữ,3,0.0,1.0,0,0.1,1.0,0.0,Cao,Khách quan
Từ 18 đến 24,Nữ,3,1.0,1.0,0,0.6804143528218267,1.0,1.0,Cao,Khách quan
Từ 18 đến 24,Nữ,3,1.0,1.0,1,0.6818265462683183,1.0,1.0,Cao,Chủ quan
Từ 18 đến 24,Nữ,3,1.0,1.0,1,0.6811217076218703,1.0,1.0,Cao,Chủ quan
Từ 18 đến 24,Nam,3,0.0,0.0,0,0.13021292288101025,1.0,0.0,Thấp,Khách quan
Từ 18 đến 24,Nam,3,0.0,0.0,0,0.13091583353093614,1.0,0.0,Thấp,Khách quan
Từ 18 đến 24,Nam,3,0.0,0.0,0,0.1302860147187593,1.0,0.0,Thấp,Khách quan
Từ 18 đến 24,Nam,3,0.0,0.0,0,0.1292415839525409,1.0,0.0,Thấp,Khách quan
Từ 18 đến 24,Nam,3,0.0,0.0,1,0.13152152459770428,1.0,0.0,Thấp,Chủ quan
Từ 18 đến 24,Nam,3,0.0,0.0,1,0.1310273406450451,1.0,0.0,Thấp,Chủ quan
Từ 18 đến 24,Nam,3,0.0,0.0,1,0.12926929408648027,1.0,0.0,Thấp,Chủ quan
Từ 18 đến 24,Nam,3,0.0,0.5,0,0.1,1.0,0.0,Vừa,Khách quan
Từ 18 đến 24,Nam,3,0.0,0.5,0,0.1,1.0,0.0,Vừa,Khách quan
Từ 18 đến 24,Nam,3,0.0,0.5,0,0.1,1.0,0.0,Vừa,Khách quan
Từ 18 đến 24,Nam,3,0.0,0.5,0,0.1,1.0,0.0,Vừa,Khách quan
Từ 18 đến 24,Nam,3,0.0,0.5,1,0.1,1.0,0.0,Vừa,Chủ quan
Từ 18 đến 24,Nam,3,0.0,0.5,1,0.1,1.0,0.0,Vừa,Chủ quan
Từ 18 đến 24,Nam,3,0.0,0.5,1,0.1,1.0,0.0,Vừa,Chủ quan
Từ 18 đến 24,Nam,3,0.0,1.0,0,0.1,1.0,0.0,Cao,Khách quan
Từ 18 đến 24,Nam,3,0.0,1.0,0,0.1,1.0,0.0,Cao,Khách quan
Từ 18 đến 24,Nam,3,0.0,1.0,0,0.1,1.0,0.0,Cao,Khách quan
Từ 18 đến 24,Nam,3,0.0,1.0,1,0.1,1.0,0.0,Cao,Chủ quan
Từ 18 đến 24,Nam,3,0.0,1.0,1,0.1,1.0,0.0,Cao,Chủ quan
Từ 25 đến 34,Nữ,3,0.0,0.0,0,0.12698128328674382,1.0,0.0,Thấp,Khách quan
Từ 25 đến 34,Nữ,3,1.0,0.0,0,0.7796176774071624,1.0,1.0,Thấp,Khách quan
Từ 25 đến 34,Nữ,3,1.0,0.0,0,0.7801550843179638,1.0,1.0,Thấp,Khách quan
Từ 25 đến 34,Nữ,3,1.0,0.0,0,0.7800435021952786,1.0,1.0,Thấp,Khách quan
Từ 25 đến 34,Nữ,3,1.0,0.0,1,0.7787917222775894,1.0,1.0,Thấp,Chủ quan
Từ 25 đến 34,Nữ,3,1.0,0.0,1,0.7787234833925497,1.0,1.0,Thấp,Chủ quan
Từ 25 đến 34,Nữ,3,0.0,0.0,1,0.1298126297416331,1.0,0.0,Thấp,Chủ quan
Từ 25 đến 34,Nữ,3,0.0,0.5,0,0.1,1.0,0.0,Vừa,Khách quan
Từ 25 đến 34,Nữ,3,1.0,0.5,0,0.7299353293707046,1.0,1.0,Vừa,Khách quan
Từ 25 đến 34,Nữ,3,0.0,0.5,0,0.1,1.0,0.0,Vừa,Khách quan
Từ 25 đến 34,Nữ,3,0.0,0.5,0,0.1,1.0,0.0,Vừa,Khách quan
Từ 25 đến 34,Nữ,3,1.0,0.5,1,0.7311425989960155,1.0,1.0,Vừa,Chủ quan
Từ 25 đến 34,Nữ,3,1.0,0.5,1,0.7299383569118203,1.0,1.0,Vừa,Chủ quan
Từ 25 đến 34,Nữ,3,1.0,0.5,1,0.7306078313424548,1.0,1.0,Vừa,Chủ quan
Từ 25 đến 34,Nữ,3,1.0,1.0,0,0.6794853191713504,1.0,1.0,Cao,Khách quan
Từ 25 đến 34,Nữ,3,1.0,1.0,0,0.6809172384968145,1.0,1.0,Cao,Khách quan
Từ 25 đến 34,Nữ,3,1.0,1.0,0,0.6815541982040836,1.0,1.0,Cao,Khách quan
Từ 25 đến 34,Nữ,3,1.0,1.0,1,0.6793782435608768,1.0,1.0,Cao,Chủ quan
Từ 25 đến 34,Nữ,3,1.0,1.0,1,0.6805476316903062,1.0,1.0,Cao,Chủ quan
Từ 18 đến 24,Nữ,3,0.0,0.0,0,0.1298260374078036,1.0,0.0,Thấp,Khách quan
Từ 18 đến 24,Nữ,3,1.0,0.0,0,0.7815366359126372,1.0,1.0,Thấp,Khách quan
Từ 18 đến 24,Nữ,3,1.0,0.0,0,0.7813087059983123,1.0,1.0,Thấp,Khách quan
Từ 18 đến 24,Nữ,3,0.0,0.0,0,0.13029122736415258,1.0,0.0,Thấp,Khách quan
Từ 18 đến 24,Nữ,3,1.0,0.0,1,0.7803922232975201,1.0,1.0,Thấp,Chủ quan
Từ 18 đến 24,Nữ,3,1.0,0.0,1,0.779588014294074,1.0,1.0,Thấp,Chủ quan
Từ 18 đến 24,Nữ,3,1.0,0.0,1,0.7801793368964544,1.0,1.0,Thấp,Chủ quan
Từ 18 đến 24,Nữ,3,0.0,0.5,0,0.1,1.0,0.0,Vừa,Khách quan
Từ 18 đến 24,Nữ,3,1.0,0.5,0,0.7293953515302634,1.0,1.0,Vừa,Khách quan
Từ 18 đến 24,Nữ,3,0.0,0.5,0,0.1,1.0,0.0,Vừa,Khách quan
Từ 18 đến 24,Nữ,3,1.0,0.5,0,0.7306648980720264,1.0,1.0,Vừa,Khách quan
Từ 18 đến 24,Nữ,3,1.0,0.5,1,0.7300094759625391,1.0,1.0,Vừa,Chủ quan
Từ 18 đến 24,Nữ,3,1.0,0.5,1,0.7299210007777402,1.0,1.0,Vừa,Chủ quan
Từ 18 đến 24,Nữ,3,0.0,0.5,1,0.1,1.0,0.0,Vừa,Chủ quan
Từ 18 đến 24,Nữ,3,0.0,1.0,0,0.1,1.0,0.0,Cao,Khách quan
Từ 18 đến 24,Nữ,3,0.0,1.0,0,0.1,1.0,0.0,Cao,Khách quan
Từ 18 đến 24,Nữ,3,1.0,1.0,0,0.680623194863758,1.0,1.0,Cao,Khách quan
Từ 18 đến 24,Nữ,3,1.0,1.0,1,0.6801357409882637,1.0,1.0,Cao,Chủ quan
Từ 18 đến 24,Nữ,3,1.0,1.0,1,0.6785247816324045,1.0,1.0,Cao,Chủ quan
